"RowIndex","Prediction"
1,-8.36626900209095
2,-21.2467463339995
3,13.8611637880118
4,19.7184522107394
5,0.849706782262331
6,34.779664074202
7,9.96332544211926
8,3.74724678905545
9,17.4116069548925
10,-3.81195755082356
11,0.912598834231552
12,-9.50126477474209
13,-4.48599539275131
14,36.0440564991854
15,-0.429723363076018
16,-8.95171424997818
17,-3.80615887324657
18,-15.0716366729124
19,-3.08940003984566
20,-13.5138423683888
21,-18.2215909236763
22,-4.52956529514937
23,-9.53314791593503
24,24.2013150700077
25,-8.55119043456137
26,5.40957728968772
27,-13.9578229586795
28,-2.03439457250825
29,0.376791086068264
30,-10.0658612842606
31,8.01197845763796
32,6.33109204466522
33,12.2561722055229
34,-4.94944913175773
35,-5.59268133117481
36,-4.77739591833576
37,5.7707724986424
38,6.30286462256709
39,-11.1737820176725
40,33.9381355337988
41,-17.513768509415
42,15.5702313334217
43,-12.9000222832879
44,-15.5094301165007
45,1.34667888946574
46,-6.17905476237911
47,2.00153357044772
48,-15.6403804445144
49,-9.43428911089822
50,-3.33224811798444
51,-5.84459783066426
52,20.0973220626954
53,19.2190742065719
54,-4.18487724386925
55,22.2434474363857
56,-20.3869758340021
57,-7.22176950205633
58,27.0490746961181
59,-6.22338852089365
60,-6.1701056654662
61,13.2422075931637
62,-8.01801388724243
63,-2.03439457250825
64,35.1982181638084
65,-6.1872996237509
66,15.7714080530996
67,29.3363105819046
68,-14.4764211918332
69,5.87335362981787
70,-8.55737702162912
71,30.6683162743675
72,35.5541424348553
73,35.2219039527141
74,-2.58444829907479
75,-3.12334081261783
76,1.00617985304478
77,-3.26071278722951
78,-6.94756148186937
79,-2.73074601179338
80,6.35303766313922
81,-13.7644562490781
82,-0.335560415935412
83,33.6790576939428
84,-2.48661385940607
85,-7.54744084809511
86,-10.1441303188028
87,-16.5401760589136
88,8.83180994714683
89,-19.4099548072668
90,-12.7159794740196
